Unnamed: 0,work_year,experience_level,employment_type,job_title,salary,salary_currency,salary_in_usd,employee_residence,remote_ratio,company_location,company_size,salario_mensual_usd
0,2020,MI,FT,DATA SCIENTIST,70000,EUR,79833,DE,0,DE,L,6652.75
1,2020,SE,FT,MACHINE LEARNING SCIENTIST,260000,USD,260000,JP,0,JP,S,21666.666666666668
2,2020,SE,FT,BIG DATA ENGINEER,85000,GBP,109024,GB,50,GB,M,9085.333333333334
3,2020,MI,FT,PRODUCT DATA ANALYST,20000,USD,20000,HN,0,HN,S,1666.6666666666667
4,2020,SE,FT,MACHINE LEARNING ENGINEER,150000,USD,150000,US,50,US,L,12500.0
5,2020,EN,FT,DATA ANALYST,72000,USD,72000,US,100,US,L,6000.0
6,2020,SE,FT,LEAD DATA SCIENTIST,190000,USD,190000,US,100,US,S,15833.333333333334
7,2020,MI,FT,DATA SCIENTIST,11000000,HUF,35735,HU,50,HU,L,2977.9166666666665
8,2020,MI,FT,BUSINESS DATA ANALYST,135000,USD,135000,US,100,US,L,11250.0
9,2020,SE,FT,LEAD DATA ENGINEER,125000,USD,125000,NZ,50,NZ,S,10416.666666666666
10,2020,EN,FT,DATA SCIENTIST,45000,EUR,51321,FR,0,FR,S,4276.75
11,2020,MI,FT,DATA SCIENTIST,3000000,INR,40481,IN,0,IN,L,3373.4166666666665
12,2020,EN,FT,DATA SCIENTIST,35000,EUR,39916,FR,0,FR,M,3326.3333333333335
13,2020,MI,FT,LEAD DATA ANALYST,87000,USD,87000,US,100,US,L,7250.0
14,2020,MI,FT,DATA ANALYST,85000,USD,85000,US,100,US,L,7083.333333333333
15,2020,MI,FT,DATA ANALYST,8000,USD,8000,PK,50,PK,L,666.6666666666666
16,2020,EN,FT,DATA ENGINEER,4450000,JPY,41689,JP,100,JP,S,3474.0833333333335
17,2020,SE,FT,BIG DATA ENGINEER,100000,EUR,114047,PL,100,GB,S,9503.916666666666
18,2020,EN,FT,DATA SCIENCE CONSULTANT,423000,INR,5707,IN,50,IN,M,475.5833333333333
19,2020,MI,FT,LEAD DATA ENGINEER,56000,USD,56000,PT,100,US,M,4666.666666666667
20,2020,MI,FT,MACHINE LEARNING ENGINEER,299000,CNY,43331,CN,0,CN,M,3610.9166666666665
21,2020,MI,FT,PRODUCT DATA ANALYST,450000,INR,6072,IN,100,IN,L,506.0
22,2020,SE,FT,DATA ENGINEER,42000,EUR,47899,GR,50,GR,L,3991.5833333333335
23,2020,MI,FT,BI DATA ANALYST,98000,USD,98000,US,0,US,M,8166.666666666667
24,2020,MI,FT,LEAD DATA SCIENTIST,115000,USD,115000,AE,0,AE,L,9583.333333333334
25,2020,EX,FT,DIRECTOR OF DATA SCIENCE,325000,USD,325000,US,100,US,L,27083.333333333332
26,2020,EN,FT,RESEARCH SCIENTIST,42000,USD,42000,NL,50,NL,L,3500.0
27,2020,SE,FT,DATA ENGINEER,720000,MXN,33511,MX,0,MX,S,2792.5833333333335
28,2020,EN,CT,BUSINESS DATA ANALYST,100000,USD,100000,US,100,US,L,8333.333333333334
29,2020,SE,FT,MACHINE LEARNING MANAGER,157000,CAD,117104,CA,50,CA,L,9758.666666666666
30,2020,MI,FT,DATA ENGINEERING MANAGER,51999,EUR,59303,DE,100,DE,S,4941.916666666667
31,2020,EN,FT,BIG DATA ENGINEER,70000,USD,70000,US,100,US,L,5833.333333333333
32,2020,SE,FT,DATA SCIENTIST,60000,EUR,68428,GR,100,US,L,5702.333333333333
33,2020,MI,FT,RESEARCH SCIENTIST,450000,USD,450000,US,0,US,M,37500.0
34,2020,MI,FT,DATA ANALYST,41000,EUR,46759,FR,50,FR,L,3896.5833333333335
35,2020,MI,FT,DATA ENGINEER,65000,EUR,74130,AT,50,AT,L,6177.5
36,2020,MI,FT,DATA SCIENCE CONSULTANT,103000,USD,103000,US,100,US,L,8583.333333333334
37,2020,EN,FT,MACHINE LEARNING ENGINEER,250000,USD,250000,US,50,US,L,20833.333333333332
38,2020,EN,FT,DATA ANALYST,10000,USD,10000,NG,100,NG,S,833.3333333333334
39,2020,EN,FT,MACHINE LEARNING ENGINEER,138000,USD,138000,US,100,US,S,11500.0
40,2020,MI,FT,DATA SCIENTIST,45760,USD,45760,PH,100,US,S,3813.3333333333335
41,2020,EX,FT,DATA ENGINEERING MANAGER,70000,EUR,79833,ES,50,ES,L,6652.75
42,2020,MI,FT,MACHINE LEARNING INFRASTRUCTURE ENGINEER,44000,EUR,50180,PT,0,PT,M,4181.666666666667
43,2020,MI,FT,DATA ENGINEER,106000,USD,106000,US,100,US,L,8833.333333333334
44,2020,MI,FT,DATA ENGINEER,88000,GBP,112872,GB,50,GB,L,9406.0
45,2020,EN,PT,ML ENGINEER,14000,EUR,15966,DE,100,DE,S,1330.5
46,2020,MI,FT,DATA SCIENTIST,60000,GBP,76958,GB,100,GB,S,6413.166666666667
47,2020,SE,FT,DATA ENGINEER,188000,USD,188000,US,100,US,L,15666.666666666666
48,2020,MI,FT,DATA SCIENTIST,105000,USD,105000,US,100,US,L,8750.0
49,2020,MI,FT,DATA ENGINEER,61500,EUR,70139,FR,50,FR,L,5844.916666666667
50,2020,EN,FT,DATA ANALYST,450000,INR,6072,IN,0,IN,S,506.0
51,2020,EN,FT,DATA ANALYST,91000,USD,91000,US,100,US,L,7583.333333333333
52,2020,EN,FT,AI SCIENTIST,300000,DKK,45896,DK,50,DK,S,3824.6666666666665
53,2020,EN,FT,DATA ENGINEER,48000,EUR,54742,PK,100,DE,L,4561.833333333333
54,2020,SE,FL,COMPUTER VISION ENGINEER,60000,USD,60000,RU,100,US,S,5000.0
55,2020,SE,FT,PRINCIPAL DATA SCIENTIST,130000,EUR,148261,DE,100,DE,M,12355.083333333334
56,2020,MI,FT,DATA SCIENTIST,34000,EUR,38776,ES,100,ES,M,3231.3333333333335
57,2020,MI,FT,DATA SCIENTIST,118000,USD,118000,US,100,US,M,9833.333333333334
58,2020,SE,FT,DATA SCIENTIST,120000,USD,120000,US,50,US,L,10000.0
59,2020,MI,FT,DATA SCIENTIST,138350,USD,138350,US,100,US,M,11529.166666666666
60,2020,MI,FT,DATA ENGINEER,110000,USD,110000,US,100,US,L,9166.666666666666
61,2020,MI,FT,DATA ENGINEER,130800,USD,130800,ES,100,US,M,10900.0
62,2020,EN,PT,DATA SCIENTIST,19000,EUR,21669,IT,50,IT,S,1805.75
63,2020,SE,FT,DATA SCIENTIST,412000,USD,412000,US,100,US,L,34333.333333333336
64,2020,SE,FT,MACHINE LEARNING ENGINEER,40000,EUR,45618,HR,100,HR,S,3801.5
65,2020,EN,FT,DATA SCIENTIST,55000,EUR,62726,DE,50,DE,S,5227.166666666667
66,2020,EN,FT,DATA SCIENTIST,43200,EUR,49268,DE,0,DE,S,4105.666666666667
67,2020,SE,FT,DATA SCIENCE MANAGER,190200,USD,190200,US,100,US,M,15850.0
68,2020,EN,FT,DATA SCIENTIST,105000,USD,105000,US,100,US,S,8750.0
69,2020,SE,FT,DATA SCIENTIST,80000,EUR,91237,AT,0,AT,S,7603.083333333333
70,2020,MI,FT,DATA SCIENTIST,55000,EUR,62726,FR,50,LU,S,5227.166666666667
71,2020,MI,FT,DATA SCIENTIST,37000,EUR,42197,FR,50,FR,S,3516.4166666666665
72,2021,EN,FT,RESEARCH SCIENTIST,60000,GBP,82528,GB,50,GB,L,6877.333333333333
73,2021,EX,FT,BI DATA ANALYST,150000,USD,150000,IN,100,US,L,12500.0
74,2021,EX,FT,HEAD OF DATA,235000,USD,235000,US,100,US,L,19583.333333333332
75,2021,SE,FT,DATA SCIENTIST,45000,EUR,53192,FR,50,FR,L,4432.666666666667
76,2021,MI,FT,BI DATA ANALYST,100000,USD,100000,US,100,US,M,8333.333333333334
77,2021,MI,PT,3D COMPUTER VISION RESEARCHER,400000,INR,5409,IN,50,IN,M,450.75
78,2021,MI,CT,ML ENGINEER,270000,USD,270000,US,100,US,L,22500.0
79,2021,EN,FT,DATA ANALYST,80000,USD,80000,US,100,US,M,6666.666666666667
80,2021,SE,FT,DATA ANALYTICS ENGINEER,67000,EUR,79197,DE,100,DE,L,6599.75
81,2021,MI,FT,DATA ENGINEER,140000,USD,140000,US,100,US,L,11666.666666666666
82,2021,MI,FT,APPLIED DATA SCIENTIST,68000,CAD,54238,GB,50,CA,L,4519.833333333333
83,2021,MI,FT,MACHINE LEARNING ENGINEER,40000,EUR,47282,ES,100,ES,S,3940.1666666666665
84,2021,EX,FT,DIRECTOR OF DATA SCIENCE,130000,EUR,153667,IT,100,PL,L,12805.583333333334
85,2021,MI,FT,DATA ENGINEER,110000,PLN,28476,PL,100,PL,L,2373.0
86,2021,EN,FT,DATA ANALYST,50000,EUR,59102,FR,50,FR,M,4925.166666666667
87,2021,MI,FT,DATA ANALYTICS ENGINEER,110000,USD,110000,US,100,US,L,9166.666666666666
88,2021,SE,FT,LEAD DATA ANALYST,170000,USD,170000,US,100,US,L,14166.666666666666
89,2021,SE,FT,DATA ANALYST,80000,USD,80000,BG,100,US,S,6666.666666666667
90,2021,SE,FT,MARKETING DATA ANALYST,75000,EUR,88654,GR,100,DK,L,7387.833333333333
91,2021,EN,FT,DATA SCIENCE CONSULTANT,65000,EUR,76833,DE,100,DE,S,6402.75
92,2021,MI,FT,LEAD DATA ANALYST,1450000,INR,19609,IN,100,IN,L,1634.0833333333333
93,2021,SE,FT,LEAD DATA ENGINEER,276000,USD,276000,US,0,US,L,23000.0
94,2021,EN,FT,DATA SCIENTIST,2200000,INR,29751,IN,50,IN,L,2479.25
95,2021,MI,FT,CLOUD DATA ENGINEER,120000,SGD,89294,SG,50,SG,L,7441.166666666667
96,2021,EN,PT,AI SCIENTIST,12000,USD,12000,BR,100,US,S,1000.0
97,2021,MI,FT,FINANCIAL DATA ANALYST,450000,USD,450000,US,100,US,L,37500.0
98,2021,EN,FT,COMPUTER VISION SOFTWARE ENGINEER,70000,USD,70000,US,100,US,M,5833.333333333333
99,2021,MI,FT,COMPUTER VISION SOFTWARE ENGINEER,81000,EUR,95746,DE,100,US,S,7978.833333333333
100,2021,MI,FT,DATA ANALYST,75000,USD,75000,US,0,US,L,6250.0
101,2021,SE,FT,DATA ENGINEER,150000,USD,150000,US,100,US,L,12500.0
102,2021,MI,FT,BI DATA ANALYST,11000000,HUF,36259,HU,50,US,L,3021.5833333333335
103,2021,MI,FT,DATA ANALYST,62000,USD,62000,US,0,US,L,5166.666666666667
104,2021,MI,FT,DATA SCIENTIST,73000,USD,73000,US,0,US,L,6083.333333333333
105,2021,MI,FT,DATA ANALYST,37456,GBP,51519,GB,50,GB,L,4293.25
106,2021,MI,FT,RESEARCH SCIENTIST,235000,CAD,187442,CA,100,CA,L,15620.166666666666
107,2021,SE,FT,DATA ENGINEER,115000,USD,115000,US,100,US,S,9583.333333333334
108,2021,SE,FT,DATA ENGINEER,150000,USD,150000,US,100,US,M,12500.0
109,2021,EN,FT,DATA ENGINEER,2250000,INR,30428,IN,100,IN,L,2535.6666666666665
110,2021,SE,FT,MACHINE LEARNING ENGINEER,80000,EUR,94564,DE,50,DE,L,7880.333333333333
111,2021,SE,FT,DIRECTOR OF DATA ENGINEERING,82500,GBP,113476,GB,100,GB,M,9456.333333333334
112,2021,SE,FT,LEAD DATA ENGINEER,75000,GBP,103160,GB,100,GB,S,8596.666666666666
113,2021,EN,PT,AI SCIENTIST,12000,USD,12000,PK,100,US,M,1000.0
114,2021,MI,FT,DATA ENGINEER,38400,EUR,45391,NL,100,NL,L,3782.5833333333335
115,2021,EN,FT,MACHINE LEARNING SCIENTIST,225000,USD,225000,US,100,US,L,18750.0
116,2021,MI,FT,DATA SCIENTIST,50000,USD,50000,NG,100,NG,L,4166.666666666667
117,2021,MI,FT,DATA SCIENCE ENGINEER,34000,EUR,40189,GR,100,GR,M,3349.0833333333335
118,2021,EN,FT,DATA ANALYST,90000,USD,90000,US,100,US,S,7500.0
119,2021,MI,FT,DATA ENGINEER,200000,USD,200000,US,100,US,L,16666.666666666668
120,2021,MI,FT,BIG DATA ENGINEER,60000,USD,60000,ES,50,RO,M,5000.0
121,2021,SE,FT,PRINCIPAL DATA ENGINEER,200000,USD,200000,US,100,US,M,16666.666666666668
122,2021,EN,FT,DATA ANALYST,50000,USD,50000,US,100,US,M,4166.666666666667
123,2021,EN,FT,APPLIED DATA SCIENTIST,80000,GBP,110037,GB,0,GB,L,9169.75
124,2021,EN,PT,DATA ANALYST,8760,EUR,10354,ES,50,ES,M,862.8333333333334
125,2021,MI,FT,PRINCIPAL DATA SCIENTIST,151000,USD,151000,US,100,US,L,12583.333333333334
126,2021,SE,FT,MACHINE LEARNING SCIENTIST,120000,USD,120000,US,50,US,S,10000.0
127,2021,MI,FT,DATA SCIENTIST,700000,INR,9466,IN,0,IN,S,788.8333333333334
128,2021,EN,FT,MACHINE LEARNING ENGINEER,20000,USD,20000,IN,100,IN,S,1666.6666666666667
129,2021,SE,FT,LEAD DATA SCIENTIST,3000000,INR,40570,IN,50,IN,L,3380.8333333333335
130,2021,EN,FT,MACHINE LEARNING DEVELOPER,100000,USD,100000,IQ,50,IQ,S,8333.333333333334
131,2021,EN,FT,DATA SCIENTIST,42000,EUR,49646,FR,50,FR,M,4137.166666666667
132,2021,MI,FT,APPLIED MACHINE LEARNING SCIENTIST,38400,USD,38400,VN,100,US,M,3200.0
133,2021,SE,FT,COMPUTER VISION ENGINEER,24000,USD,24000,BR,100,BR,M,2000.0
134,2021,EN,FT,DATA SCIENTIST,100000,USD,100000,US,0,US,S,8333.333333333334
135,2021,MI,FT,DATA ANALYST,90000,USD,90000,US,100,US,M,7500.0
136,2021,MI,FT,ML ENGINEER,7000000,JPY,63711,JP,50,JP,S,5309.25
137,2021,MI,FT,ML ENGINEER,8500000,JPY,77364,JP,50,JP,S,6447.0
138,2021,SE,FT,PRINCIPAL DATA SCIENTIST,220000,USD,220000,US,0,US,L,18333.333333333332
139,2021,EN,FT,DATA SCIENTIST,80000,USD,80000,US,100,US,M,6666.666666666667
140,2021,MI,FT,DATA ANALYST,135000,USD,135000,US,100,US,L,11250.0
141,2021,SE,FT,DATA SCIENCE MANAGER,240000,USD,240000,US,0,US,L,20000.0
142,2021,SE,FT,DATA ENGINEERING MANAGER,150000,USD,150000,US,0,US,L,12500.0
143,2021,MI,FT,DATA SCIENTIST,82500,USD,82500,US,100,US,S,6875.0
144,2021,MI,FT,DATA ENGINEER,100000,USD,100000,US,100,US,L,8333.333333333334
145,2021,SE,FT,MACHINE LEARNING ENGINEER,70000,EUR,82744,BE,50,BE,M,6895.333333333333
146,2021,MI,FT,RESEARCH SCIENTIST,53000,EUR,62649,FR,50,FR,M,5220.75
147,2021,MI,FT,DATA ENGINEER,90000,USD,90000,US,100,US,L,7500.0
148,2021,SE,FT,DATA ENGINEERING MANAGER,153000,USD,153000,US,100,US,L,12750.0
149,2021,SE,FT,CLOUD DATA ENGINEER,160000,USD,160000,BR,100,US,S,13333.333333333334
150,2021,SE,FT,DIRECTOR OF DATA SCIENCE,168000,USD,168000,JP,0,JP,S,14000.0
151,2021,MI,FT,DATA SCIENTIST,150000,USD,150000,US,100,US,M,12500.0
152,2021,MI,FT,DATA SCIENTIST,95000,CAD,75774,CA,100,CA,L,6314.5
153,2021,EN,FT,DATA SCIENTIST,13400,USD,13400,UA,100,UA,L,1116.6666666666667
154,2021,SE,FT,DATA SCIENCE MANAGER,144000,USD,144000,US,100,US,L,12000.0
155,2021,SE,FT,DATA SCIENCE ENGINEER,159500,CAD,127221,CA,50,CA,L,10601.75
156,2021,MI,FT,DATA SCIENTIST,160000,SGD,119059,SG,100,IL,M,9921.583333333334
157,2021,MI,FT,APPLIED MACHINE LEARNING SCIENTIST,423000,USD,423000,US,50,US,L,35250.0
158,2021,SE,FT,DATA ANALYTICS MANAGER,120000,USD,120000,US,100,US,M,10000.0
159,2021,EN,FT,MACHINE LEARNING ENGINEER,125000,USD,125000,US,100,US,S,10416.666666666666
160,2021,EX,FT,HEAD OF DATA,230000,USD,230000,RU,50,RU,L,19166.666666666668
161,2021,EX,FT,HEAD OF DATA SCIENCE,85000,USD,85000,RU,0,RU,M,7083.333333333333
162,2021,MI,FT,DATA ENGINEER,24000,EUR,28369,MT,50,MT,L,2364.0833333333335
163,2021,EN,FT,DATA SCIENCE CONSULTANT,54000,EUR,63831,DE,50,DE,L,5319.25
164,2021,EX,FT,DIRECTOR OF DATA SCIENCE,110000,EUR,130026,DE,50,DE,M,10835.5
165,2021,SE,FT,DATA SPECIALIST,165000,USD,165000,US,100,US,L,13750.0
166,2021,EN,FT,DATA ENGINEER,80000,USD,80000,US,100,US,L,6666.666666666667
167,2021,EX,FT,DIRECTOR OF DATA SCIENCE,250000,USD,250000,US,0,US,L,20833.333333333332
168,2021,EN,FT,BI DATA ANALYST,55000,USD,55000,US,50,US,S,4583.333333333333
169,2021,MI,FT,DATA ARCHITECT,150000,USD,150000,US,100,US,L,12500.0
170,2021,MI,FT,DATA ARCHITECT,170000,USD,170000,US,100,US,L,14166.666666666666
171,2021,MI,FT,DATA ENGINEER,60000,GBP,82528,GB,100,GB,L,6877.333333333333
172,2021,EN,FT,DATA ANALYST,60000,USD,60000,US,100,US,S,5000.0
173,2021,SE,FT,PRINCIPAL DATA SCIENTIST,235000,USD,235000,US,100,US,L,19583.333333333332
174,2021,SE,FT,RESEARCH SCIENTIST,51400,EUR,60757,PT,50,PT,L,5063.083333333333
175,2021,SE,FT,DATA ENGINEERING MANAGER,174000,USD,174000,US,100,US,L,14500.0
176,2021,MI,FT,DATA SCIENTIST,58000,MXN,2859,MX,0,MX,S,238.25
177,2021,MI,FT,DATA SCIENTIST,30400000,CLP,40038,CL,100,CL,L,3336.5
178,2021,EN,FT,MACHINE LEARNING ENGINEER,81000,USD,81000,US,50,US,S,6750.0
179,2021,MI,FT,DATA SCIENTIST,420000,INR,5679,IN,100,US,S,473.25
180,2021,MI,FT,BIG DATA ENGINEER,1672000,INR,22611,IN,0,IN,L,1884.25
181,2021,MI,FT,DATA SCIENTIST,76760,EUR,90734,DE,50,DE,L,7561.166666666667
182,2021,MI,FT,DATA ENGINEER,22000,EUR,26005,RO,0,US,L,2167.0833333333335
183,2021,SE,FT,FINANCE DATA ANALYST,45000,GBP,61896,GB,50,GB,L,5158.0
184,2021,MI,FL,MACHINE LEARNING SCIENTIST,12000,USD,12000,PK,50,PK,M,1000.0
185,2021,MI,FT,DATA ENGINEER,4000,USD,4000,IR,100,IR,M,333.3333333333333
186,2021,SE,FT,DATA ANALYTICS ENGINEER,50000,USD,50000,VN,100,GB,M,4166.666666666667
187,2021,EX,FT,DATA SCIENCE CONSULTANT,59000,EUR,69741,FR,100,ES,S,5811.75
188,2021,SE,FT,DATA ENGINEER,65000,EUR,76833,RO,50,GB,S,6402.75
189,2021,MI,FT,MACHINE LEARNING ENGINEER,74000,USD,74000,JP,50,JP,S,6166.666666666667
190,2021,SE,FT,DATA SCIENCE MANAGER,152000,USD,152000,US,100,FR,L,12666.666666666666
191,2021,EN,FT,MACHINE LEARNING ENGINEER,21844,USD,21844,CO,50,CO,M,1820.3333333333333
192,2021,MI,FT,BIG DATA ENGINEER,18000,USD,18000,MD,0,MD,S,1500.0
193,2021,SE,FT,DATA SCIENCE MANAGER,174000,USD,174000,US,100,US,L,14500.0
194,2021,SE,FT,RESEARCH SCIENTIST,120500,CAD,96113,CA,50,CA,L,8009.416666666667
195,2021,MI,FT,DATA SCIENTIST,147000,USD,147000,US,50,US,L,12250.0
196,2021,EN,FT,BI DATA ANALYST,9272,USD,9272,KE,100,KE,S,772.6666666666666
197,2021,SE,FT,MACHINE LEARNING ENGINEER,1799997,INR,24342,IN,100,IN,L,2028.5
198,2021,SE,FT,DATA SCIENCE MANAGER,4000000,INR,54094,IN,50,US,L,4507.833333333333
199,2021,EN,FT,DATA SCIENCE CONSULTANT,90000,USD,90000,US,100,US,S,7500.0
200,2021,MI,FT,DATA SCIENTIST,52000,EUR,61467,DE,50,AT,M,5122.25
201,2021,SE,FT,MACHINE LEARNING INFRASTRUCTURE ENGINEER,195000,USD,195000,US,100,US,M,16250.0
202,2021,MI,FT,DATA SCIENTIST,32000,EUR,37825,ES,100,ES,L,3152.0833333333335
203,2021,SE,FT,RESEARCH SCIENTIST,50000,USD,50000,FR,100,US,S,4166.666666666667
204,2021,MI,FT,DATA SCIENTIST,160000,USD,160000,US,100,US,L,13333.333333333334
205,2021,MI,FT,DATA SCIENTIST,69600,BRL,12901,BR,0,BR,S,1075.0833333333333
206,2021,SE,FT,MACHINE LEARNING ENGINEER,200000,USD,200000,US,100,US,L,16666.666666666668
207,2021,SE,FT,DATA ENGINEER,165000,USD,165000,US,0,US,M,13750.0
208,2021,MI,FL,DATA ENGINEER,20000,USD,20000,IT,0,US,L,1666.6666666666667
209,2021,SE,FT,DATA ANALYTICS MANAGER,120000,USD,120000,US,0,US,L,10000.0
210,2021,MI,FT,MACHINE LEARNING ENGINEER,21000,EUR,24823,SI,50,SI,L,2068.5833333333335
211,2021,MI,FT,RESEARCH SCIENTIST,48000,EUR,56738,FR,50,FR,S,4728.166666666667
212,2021,MI,FT,DATA ENGINEER,48000,GBP,66022,HK,50,GB,S,5501.833333333333
213,2021,EN,FT,BIG DATA ENGINEER,435000,INR,5882,IN,0,CH,L,490.1666666666667
214,2021,EN,FT,MACHINE LEARNING ENGINEER,21000,EUR,24823,DE,50,DE,M,2068.5833333333335
215,2021,SE,FT,PRINCIPAL DATA ENGINEER,185000,USD,185000,US,100,US,L,15416.666666666666
216,2021,EN,PT,COMPUTER VISION ENGINEER,180000,DKK,28609,DK,50,DK,S,2384.0833333333335
217,2021,MI,FT,DATA SCIENTIST,76760,EUR,90734,DE,50,DE,L,7561.166666666667
218,2021,MI,FT,MACHINE LEARNING ENGINEER,75000,EUR,88654,BE,100,BE,M,7387.833333333333
219,2021,SE,FT,DATA ANALYTICS MANAGER,140000,USD,140000,US,100,US,L,11666.666666666666
220,2021,MI,FT,MACHINE LEARNING ENGINEER,180000,PLN,46597,PL,100,PL,L,3883.0833333333335
221,2021,MI,FT,DATA SCIENTIST,85000,GBP,116914,GB,50,GB,L,9742.833333333334
222,2021,MI,FT,DATA SCIENTIST,2500000,INR,33808,IN,0,IN,M,2817.3333333333335
223,2021,MI,FT,DATA SCIENTIST,40900,GBP,56256,GB,50,GB,L,4688.0
224,2021,SE,FT,MACHINE LEARNING SCIENTIST,225000,USD,225000,US,100,CA,L,18750.0
225,2021,EX,CT,PRINCIPAL DATA SCIENTIST,416000,USD,416000,US,100,US,S,34666.666666666664
226,2021,SE,FT,DATA SCIENTIST,110000,CAD,87738,CA,100,CA,S,7311.5
227,2021,MI,FT,DATA SCIENTIST,75000,EUR,88654,DE,50,DE,L,7387.833333333333
228,2021,SE,FT,DATA SCIENTIST,135000,USD,135000,US,0,US,L,11250.0
229,2021,SE,FT,DATA ANALYST,90000,CAD,71786,CA,100,CA,M,5982.166666666667
230,2021,EN,FT,BIG DATA ENGINEER,1200000,INR,16228,IN,100,IN,L,1352.3333333333333
231,2021,SE,FT,ML ENGINEER,256000,USD,256000,US,100,US,S,21333.333333333332
232,2021,SE,FT,DIRECTOR OF DATA ENGINEERING,200000,USD,200000,US,100,US,L,16666.666666666668
233,2021,SE,FT,DATA ANALYST,200000,USD,200000,US,100,US,L,16666.666666666668
234,2021,MI,FT,DATA ARCHITECT,180000,USD,180000,US,100,US,L,15000.0
235,2021,MI,FT,HEAD OF DATA SCIENCE,110000,USD,110000,US,0,US,S,9166.666666666666
236,2021,MI,FT,RESEARCH SCIENTIST,80000,CAD,63810,CA,100,CA,M,5317.5
237,2021,MI,FT,DATA SCIENTIST,39600,EUR,46809,ES,100,ES,M,3900.75
238,2021,EN,FT,DATA SCIENTIST,4000,USD,4000,VN,0,VN,M,333.3333333333333
239,2021,EN,FT,DATA ENGINEER,1600000,INR,21637,IN,50,IN,M,1803.0833333333333
240,2021,SE,FT,DATA SCIENTIST,130000,CAD,103691,CA,100,CA,L,8640.916666666666
241,2021,MI,FT,DATA ANALYST,80000,USD,80000,US,100,US,L,6666.666666666667
242,2021,MI,FT,DATA ENGINEER,110000,USD,110000,US,100,US,L,9166.666666666666
243,2021,SE,FT,DATA SCIENTIST,165000,USD,165000,US,100,US,L,13750.0
244,2021,EN,FT,AI SCIENTIST,1335000,INR,18053,IN,100,AS,S,1504.4166666666667
245,2021,MI,FT,DATA ENGINEER,52500,GBP,72212,GB,50,GB,L,6017.666666666667
246,2021,EN,FT,DATA SCIENTIST,31000,EUR,36643,FR,50,FR,L,3053.5833333333335
247,2021,MI,FT,DATA ENGINEER,108000,TRY,12103,TR,0,TR,M,1008.5833333333334
248,2021,SE,FT,DATA ENGINEER,70000,GBP,96282,GB,50,GB,L,8023.5
249,2021,SE,FT,PRINCIPAL DATA ANALYST,170000,USD,170000,US,100,US,M,14166.666666666666
250,2021,MI,FT,DATA SCIENTIST,115000,USD,115000,US,50,US,L,9583.333333333334
251,2021,EN,FT,DATA SCIENTIST,90000,USD,90000,US,100,US,S,7500.0
252,2021,EX,FT,PRINCIPAL DATA ENGINEER,600000,USD,600000,US,100,US,L,50000.0
253,2021,EN,FT,DATA SCIENTIST,2100000,INR,28399,IN,100,IN,M,2366.5833333333335
254,2021,MI,FT,DATA ANALYST,93000,USD,93000,US,100,US,L,7750.0
255,2021,SE,FT,BIG DATA ARCHITECT,125000,CAD,99703,CA,50,CA,M,8308.583333333334
256,2021,MI,FT,DATA ENGINEER,200000,USD,200000,US,100,US,L,16666.666666666668
257,2021,SE,FT,PRINCIPAL DATA SCIENTIST,147000,EUR,173762,DE,100,DE,M,14480.166666666666
258,2021,SE,FT,MACHINE LEARNING ENGINEER,185000,USD,185000,US,50,US,L,15416.666666666666
259,2021,EX,FT,DIRECTOR OF DATA SCIENCE,120000,EUR,141846,DE,0,DE,L,11820.5
260,2021,MI,FT,DATA SCIENTIST,130000,USD,130000,US,50,US,L,10833.333333333334
261,2021,SE,FT,DATA ANALYST,54000,EUR,63831,DE,50,DE,L,5319.25
262,2021,MI,FT,DATA SCIENTIST,1250000,INR,16904,IN,100,IN,S,1408.6666666666667
263,2021,SE,FT,MACHINE LEARNING ENGINEER,4900000,INR,66265,IN,0,IN,L,5522.083333333333
264,2021,MI,FT,DATA SCIENTIST,21600,EUR,25532,RS,100,DE,S,2127.6666666666665
265,2021,SE,FT,LEAD DATA ENGINEER,160000,USD,160000,PR,50,US,S,13333.333333333334
266,2021,MI,FT,DATA ENGINEER,93150,USD,93150,US,0,US,M,7762.5
267,2021,MI,FT,DATA ENGINEER,111775,USD,111775,US,0,US,M,9314.583333333334
268,2021,MI,FT,DATA ENGINEER,250000,TRY,28016,TR,100,TR,M,2334.6666666666665
269,2021,EN,FT,DATA ENGINEER,55000,EUR,65013,DE,50,DE,M,5417.75
270,2021,EN,FT,DATA ENGINEER,72500,USD,72500,US,100,US,L,6041.666666666667
271,2021,SE,FT,COMPUTER VISION ENGINEER,102000,BRL,18907,BR,0,BR,M,1575.5833333333333
272,2021,EN,FT,DATA SCIENCE CONSULTANT,65000,EUR,76833,DE,0,DE,L,6402.75
273,2021,EN,FT,MACHINE LEARNING ENGINEER,85000,USD,85000,NL,100,DE,S,7083.333333333333
274,2021,SE,FT,DATA SCIENTIST,65720,EUR,77684,FR,50,FR,M,6473.666666666667
275,2021,EN,FT,DATA SCIENTIST,100000,USD,100000,US,100,US,M,8333.333333333334
276,2021,EN,FT,DATA SCIENTIST,58000,USD,58000,US,50,US,L,4833.333333333333
277,2021,SE,FT,AI SCIENTIST,55000,USD,55000,ES,100,ES,L,4583.333333333333
278,2021,SE,FT,DATA SCIENTIST,180000,TRY,20171,TR,50,TR,L,1680.9166666666667
279,2021,EN,FT,BUSINESS DATA ANALYST,50000,EUR,59102,LU,100,LU,L,4925.166666666667
280,2021,MI,FT,DATA ENGINEER,112000,USD,112000,US,100,US,L,9333.333333333334
281,2021,EN,FT,RESEARCH SCIENTIST,100000,USD,100000,JE,0,CN,L,8333.333333333334
282,2021,MI,PT,DATA ENGINEER,59000,EUR,69741,NL,100,NL,L,5811.75
283,2021,SE,CT,STAFF DATA SCIENTIST,105000,USD,105000,US,100,US,M,8750.0
284,2021,MI,FT,RESEARCH SCIENTIST,69999,USD,69999,CZ,50,CZ,L,5833.25
285,2021,SE,FT,DATA SCIENCE MANAGER,7000000,INR,94665,IN,50,IN,L,7888.75
286,2021,SE,FT,HEAD OF DATA,87000,EUR,102839,SI,100,SI,L,8569.916666666666
287,2021,MI,FT,DATA SCIENTIST,109000,USD,109000,US,50,US,L,9083.333333333334
288,2021,MI,FT,MACHINE LEARNING ENGINEER,43200,EUR,51064,IT,50,IT,L,4255.333333333333
289,2022,SE,FT,DATA ENGINEER,135000,USD,135000,US,100,US,M,11250.0
290,2022,SE,FT,DATA ANALYST,155000,USD,155000,US,100,US,M,12916.666666666666
291,2022,SE,FT,DATA ANALYST,120600,USD,120600,US,100,US,M,10050.0
292,2022,MI,FT,DATA SCIENTIST,130000,USD,130000,US,0,US,M,10833.333333333334
293,2022,MI,FT,DATA SCIENTIST,90000,USD,90000,US,0,US,M,7500.0
294,2022,MI,FT,DATA ENGINEER,170000,USD,170000,US,100,US,M,14166.666666666666
295,2022,MI,FT,DATA ENGINEER,150000,USD,150000,US,100,US,M,12500.0
296,2022,SE,FT,DATA ANALYST,102100,USD,102100,US,100,US,M,8508.333333333334
297,2022,SE,FT,DATA ANALYST,84900,USD,84900,US,100,US,M,7075.0
298,2022,SE,FT,DATA SCIENTIST,136620,USD,136620,US,100,US,M,11385.0
299,2022,SE,FT,DATA SCIENTIST,99360,USD,99360,US,100,US,M,8280.0
300,2022,SE,FT,DATA SCIENTIST,90000,GBP,117789,GB,0,GB,M,9815.75
301,2022,SE,FT,DATA SCIENTIST,80000,GBP,104702,GB,0,GB,M,8725.166666666666
302,2022,SE,FT,DATA SCIENTIST,146000,USD,146000,US,100,US,M,12166.666666666666
303,2022,SE,FT,DATA SCIENTIST,123000,USD,123000,US,100,US,M,10250.0
304,2022,EN,FT,DATA ENGINEER,40000,GBP,52351,GB,100,GB,M,4362.583333333333
305,2022,SE,FT,DATA ANALYST,99000,USD,99000,US,0,US,M,8250.0
306,2022,SE,FT,DATA ANALYST,116000,USD,116000,US,0,US,M,9666.666666666666
307,2022,MI,FT,DATA ANALYST,106260,USD,106260,US,0,US,M,8855.0
308,2022,MI,FT,DATA ANALYST,126500,USD,126500,US,0,US,M,10541.666666666666
309,2022,EX,FT,DATA ENGINEER,242000,USD,242000,US,100,US,M,20166.666666666668
310,2022,EX,FT,DATA ENGINEER,200000,USD,200000,US,100,US,M,16666.666666666668
311,2022,MI,FT,DATA SCIENTIST,50000,GBP,65438,GB,0,GB,M,5453.166666666667
312,2022,MI,FT,DATA SCIENTIST,30000,GBP,39263,GB,0,GB,M,3271.9166666666665
313,2022,MI,FT,DATA ENGINEER,60000,GBP,78526,GB,0,GB,M,6543.833333333333
314,2022,MI,FT,DATA ENGINEER,40000,GBP,52351,GB,0,GB,M,4362.583333333333
315,2022,SE,FT,DATA SCIENTIST,165220,USD,165220,US,100,US,M,13768.333333333334
316,2022,EN,FT,DATA ENGINEER,35000,GBP,45807,GB,100,GB,M,3817.25
317,2022,SE,FT,DATA SCIENTIST,120160,USD,120160,US,100,US,M,10013.333333333334
318,2022,SE,FT,DATA ANALYST,90320,USD,90320,US,100,US,M,7526.666666666667
319,2022,SE,FT,DATA ENGINEER,181940,USD,181940,US,0,US,M,15161.666666666666
320,2022,SE,FT,DATA ENGINEER,132320,USD,132320,US,0,US,M,11026.666666666666
321,2022,SE,FT,DATA ENGINEER,220110,USD,220110,US,0,US,M,18342.5
322,2022,SE,FT,DATA ENGINEER,160080,USD,160080,US,0,US,M,13340.0
323,2022,SE,FT,DATA SCIENTIST,180000,USD,180000,US,0,US,L,15000.0
324,2022,SE,FT,DATA SCIENTIST,120000,USD,120000,US,0,US,L,10000.0
325,2022,SE,FT,DATA ANALYST,124190,USD,124190,US,100,US,M,10349.166666666666
326,2022,EX,FT,DATA ANALYST,130000,USD,130000,US,100,US,M,10833.333333333334
327,2022,EX,FT,DATA ANALYST,110000,USD,110000,US,100,US,M,9166.666666666666
328,2022,SE,FT,DATA ANALYST,170000,USD,170000,US,100,US,M,14166.666666666666
329,2022,MI,FT,DATA ANALYST,115500,USD,115500,US,100,US,M,9625.0
330,2022,SE,FT,DATA ANALYST,112900,USD,112900,US,100,US,M,9408.333333333334
331,2022,SE,FT,DATA ANALYST,90320,USD,90320,US,100,US,M,7526.666666666667
332,2022,SE,FT,DATA ANALYST,112900,USD,112900,US,100,US,M,9408.333333333334
333,2022,SE,FT,DATA ANALYST,90320,USD,90320,US,100,US,M,7526.666666666667
334,2022,SE,FT,DATA ENGINEER,165400,USD,165400,US,100,US,M,13783.333333333334
335,2022,SE,FT,DATA ENGINEER,132320,USD,132320,US,100,US,M,11026.666666666666
336,2022,MI,FT,DATA ANALYST,167000,USD,167000,US,100,US,M,13916.666666666666
337,2022,SE,FT,DATA ENGINEER,243900,USD,243900,US,100,US,M,20325.0
338,2022,SE,FT,DATA ANALYST,136600,USD,136600,US,100,US,M,11383.333333333334
339,2022,SE,FT,DATA ANALYST,109280,USD,109280,US,100,US,M,9106.666666666666
340,2022,SE,FT,DATA ENGINEER,128875,USD,128875,US,100,US,M,10739.583333333334
341,2022,SE,FT,DATA ENGINEER,93700,USD,93700,US,100,US,M,7808.333333333333
342,2022,EX,FT,HEAD OF DATA SCIENCE,224000,USD,224000,US,100,US,M,18666.666666666668
343,2022,EX,FT,HEAD OF DATA SCIENCE,167875,USD,167875,US,100,US,M,13989.583333333334
344,2022,EX,FT,ANALYTICS ENGINEER,175000,USD,175000,US,100,US,M,14583.333333333334
345,2022,SE,FT,DATA ENGINEER,156600,USD,156600,US,100,US,M,13050.0
346,2022,SE,FT,DATA ENGINEER,108800,USD,108800,US,0,US,M,9066.666666666666
347,2022,SE,FT,DATA SCIENTIST,95550,USD,95550,US,0,US,M,7962.5
348,2022,SE,FT,DATA ENGINEER,113000,USD,113000,US,0,US,L,9416.666666666666
349,2022,SE,FT,DATA ANALYST,135000,USD,135000,US,100,US,M,11250.0
350,2022,SE,FT,DATA SCIENCE MANAGER,161342,USD,161342,US,100,US,M,13445.166666666666
351,2022,SE,FT,DATA SCIENCE MANAGER,137141,USD,137141,US,100,US,M,11428.416666666666
352,2022,SE,FT,DATA SCIENTIST,167000,USD,167000,US,100,US,M,13916.666666666666
353,2022,SE,FT,DATA SCIENTIST,123000,USD,123000,US,100,US,M,10250.0
354,2022,SE,FT,DATA ENGINEER,60000,GBP,78526,GB,0,GB,M,6543.833333333333
355,2022,SE,FT,DATA ENGINEER,50000,GBP,65438,GB,0,GB,M,5453.166666666667
356,2022,SE,FT,DATA SCIENTIST,150000,USD,150000,US,0,US,M,12500.0
357,2022,SE,FT,DATA SCIENTIST,211500,USD,211500,US,100,US,M,17625.0
358,2022,SE,FT,DATA ARCHITECT,192400,USD,192400,CA,100,CA,M,16033.333333333334
359,2022,SE,FT,DATA ARCHITECT,90700,USD,90700,CA,100,CA,M,7558.333333333333
360,2022,SE,FT,DATA ANALYST,130000,USD,130000,CA,100,CA,M,10833.333333333334
361,2022,SE,FT,DATA ANALYST,61300,USD,61300,CA,100,CA,M,5108.333333333333
362,2022,SE,FT,DATA ANALYST,130000,USD,130000,CA,100,CA,M,10833.333333333334
363,2022,SE,FT,DATA ANALYST,61300,USD,61300,CA,100,CA,M,5108.333333333333
364,2022,SE,FT,DATA ENGINEER,160000,USD,160000,US,0,US,L,13333.333333333334
365,2022,SE,FT,DATA SCIENTIST,138600,USD,138600,US,100,US,M,11550.0
366,2022,SE,FT,DATA ENGINEER,136000,USD,136000,US,0,US,M,11333.333333333334
367,2022,MI,FT,DATA ANALYST,58000,USD,58000,US,0,US,S,4833.333333333333
368,2022,EX,FT,ANALYTICS ENGINEER,135000,USD,135000,US,100,US,M,11250.0
369,2022,SE,FT,DATA SCIENTIST,170000,USD,170000,US,100,US,M,14166.666666666666
370,2022,SE,FT,DATA SCIENTIST,123000,USD,123000,US,100,US,M,10250.0
371,2022,SE,FT,MACHINE LEARNING ENGINEER,189650,USD,189650,US,0,US,M,15804.166666666666
372,2022,SE,FT,MACHINE LEARNING ENGINEER,164996,USD,164996,US,0,US,M,13749.666666666666
373,2022,MI,FT,ETL DEVELOPER,50000,EUR,54957,GR,0,GR,M,4579.75
374,2022,MI,FT,ETL DEVELOPER,50000,EUR,54957,GR,0,GR,M,4579.75
375,2022,EX,FT,LEAD DATA ENGINEER,150000,CAD,118187,CA,100,CA,S,9848.916666666666
376,2022,SE,FT,DATA ANALYST,132000,USD,132000,US,0,US,M,11000.0
377,2022,SE,FT,DATA ENGINEER,165400,USD,165400,US,100,US,M,13783.333333333334
378,2022,SE,FT,DATA ARCHITECT,208775,USD,208775,US,100,US,M,17397.916666666668
379,2022,SE,FT,DATA ARCHITECT,147800,USD,147800,US,100,US,M,12316.666666666666
380,2022,SE,FT,DATA ENGINEER,136994,USD,136994,US,100,US,M,11416.166666666666
381,2022,SE,FT,DATA ENGINEER,101570,USD,101570,US,100,US,M,8464.166666666666
382,2022,SE,FT,DATA ANALYST,128875,USD,128875,US,100,US,M,10739.583333333334
383,2022,SE,FT,DATA ANALYST,93700,USD,93700,US,100,US,M,7808.333333333333
384,2022,EX,FT,HEAD OF MACHINE LEARNING,6000000,INR,79039,IN,50,IN,L,6586.583333333333
385,2022,SE,FT,DATA ENGINEER,132320,USD,132320,US,100,US,M,11026.666666666666
386,2022,EN,FT,MACHINE LEARNING ENGINEER,28500,GBP,37300,GB,100,GB,L,3108.3333333333335
387,2022,SE,FT,DATA ANALYST,164000,USD,164000,US,0,US,M,13666.666666666666
388,2022,SE,FT,DATA ENGINEER,155000,USD,155000,US,100,US,M,12916.666666666666
389,2022,MI,FT,MACHINE LEARNING ENGINEER,95000,GBP,124333,GB,0,GB,M,10361.083333333334
390,2022,MI,FT,MACHINE LEARNING ENGINEER,75000,GBP,98158,GB,0,GB,M,8179.833333333333
391,2022,MI,FT,AI SCIENTIST,120000,USD,120000,US,0,US,M,10000.0
392,2022,SE,FT,DATA ANALYST,112900,USD,112900,US,100,US,M,9408.333333333334
393,2022,SE,FT,DATA ANALYST,90320,USD,90320,US,100,US,M,7526.666666666667
394,2022,SE,FT,DATA ANALYTICS MANAGER,145000,USD,145000,US,100,US,M,12083.333333333334
395,2022,SE,FT,DATA ANALYTICS MANAGER,105400,USD,105400,US,100,US,M,8783.333333333334
396,2022,MI,FT,MACHINE LEARNING ENGINEER,80000,EUR,87932,FR,100,DE,M,7327.666666666667
397,2022,MI,FT,DATA ENGINEER,90000,GBP,117789,GB,0,GB,M,9815.75
398,2022,SE,FT,DATA SCIENTIST,215300,USD,215300,US,100,US,L,17941.666666666668
399,2022,SE,FT,DATA SCIENTIST,158200,USD,158200,US,100,US,L,13183.333333333334
400,2022,SE,FT,DATA ENGINEER,209100,USD,209100,US,100,US,L,17425.0
401,2022,SE,FT,DATA ENGINEER,154600,USD,154600,US,100,US,L,12883.333333333334
402,2022,SE,FT,DATA ANALYST,115934,USD,115934,US,0,US,M,9661.166666666666
403,2022,SE,FT,DATA ANALYST,81666,USD,81666,US,0,US,M,6805.5
404,2022,SE,FT,DATA ENGINEER,175000,USD,175000,US,100,US,M,14583.333333333334
405,2022,MI,FT,DATA ENGINEER,75000,GBP,98158,GB,0,GB,M,8179.833333333333
406,2022,MI,FT,DATA ANALYST,58000,USD,58000,US,0,US,S,4833.333333333333
407,2022,SE,FT,DATA ENGINEER,183600,USD,183600,US,100,US,L,15300.0
408,2022,MI,FT,DATA ANALYST,40000,GBP,52351,GB,100,GB,M,4362.583333333333
409,2022,SE,FT,DATA SCIENTIST,180000,USD,180000,US,100,US,M,15000.0
410,2022,MI,FT,DATA SCIENTIST,55000,GBP,71982,GB,0,GB,M,5998.5
411,2022,MI,FT,DATA SCIENTIST,35000,GBP,45807,GB,0,GB,M,3817.25
412,2022,MI,FT,DATA ENGINEER,60000,EUR,65949,GR,100,GR,M,5495.75
413,2022,MI,FT,DATA ENGINEER,45000,EUR,49461,GR,100,GR,M,4121.75
414,2022,MI,FT,DATA ENGINEER,60000,GBP,78526,GB,100,GB,M,6543.833333333333
415,2022,MI,FT,DATA ENGINEER,45000,GBP,58894,GB,100,GB,M,4907.833333333333
416,2022,SE,FT,DATA SCIENTIST,260000,USD,260000,US,100,US,M,21666.666666666668
417,2022,SE,FT,DATA SCIENCE ENGINEER,60000,USD,60000,AR,100,MX,L,5000.0
418,2022,MI,FT,DATA ENGINEER,63900,USD,63900,US,0,US,M,5325.0
419,2022,MI,FT,MACHINE LEARNING SCIENTIST,160000,USD,160000,US,100,US,L,13333.333333333334
420,2022,MI,FT,MACHINE LEARNING SCIENTIST,112300,USD,112300,US,100,US,L,9358.333333333334
421,2022,MI,FT,DATA SCIENCE MANAGER,241000,USD,241000,US,100,US,M,20083.333333333332
422,2022,MI,FT,DATA SCIENCE MANAGER,159000,USD,159000,US,100,US,M,13250.0
423,2022,SE,FT,DATA SCIENTIST,180000,USD,180000,US,0,US,M,15000.0
424,2022,SE,FT,DATA SCIENTIST,80000,USD,80000,US,0,US,M,6666.666666666667
425,2022,MI,FT,DATA ENGINEER,82900,USD,82900,US,0,US,M,6908.333333333333
426,2022,SE,FT,DATA ENGINEER,100800,USD,100800,US,100,US,L,8400.0
427,2022,MI,FT,DATA ENGINEER,45000,EUR,49461,ES,100,ES,M,4121.75
428,2022,SE,FT,DATA SCIENTIST,140400,USD,140400,US,0,US,L,11700.0
429,2022,MI,FT,DATA ANALYST,30000,GBP,39263,GB,100,GB,M,3271.9166666666665
430,2022,MI,FT,DATA ANALYST,40000,EUR,43966,ES,100,ES,M,3663.8333333333335
431,2022,MI,FT,DATA ANALYST,30000,EUR,32974,ES,100,ES,M,2747.8333333333335
432,2022,MI,FT,DATA ENGINEER,80000,EUR,87932,ES,100,ES,M,7327.666666666667
433,2022,MI,FT,DATA ENGINEER,70000,EUR,76940,ES,100,ES,M,6411.666666666667
434,2022,MI,FT,DATA ENGINEER,80000,GBP,104702,GB,100,GB,M,8725.166666666666
435,2022,MI,FT,DATA ENGINEER,70000,GBP,91614,GB,100,GB,M,7634.5
436,2022,MI,FT,DATA ENGINEER,60000,EUR,65949,ES,100,ES,M,5495.75
437,2022,MI,FT,DATA ENGINEER,80000,EUR,87932,GR,100,GR,M,7327.666666666667
438,2022,SE,FT,MACHINE LEARNING ENGINEER,189650,USD,189650,US,0,US,M,15804.166666666666
439,2022,SE,FT,MACHINE LEARNING ENGINEER,164996,USD,164996,US,0,US,M,13749.666666666666
440,2022,MI,FT,DATA ANALYST,40000,EUR,43966,GR,100,GR,M,3663.8333333333335
441,2022,MI,FT,DATA ANALYST,30000,EUR,32974,GR,100,GR,M,2747.8333333333335
442,2022,MI,FT,DATA ENGINEER,75000,GBP,98158,GB,100,GB,M,8179.833333333333
443,2022,MI,FT,DATA ENGINEER,60000,GBP,78526,GB,100,GB,M,6543.833333333333
444,2022,SE,FT,DATA SCIENTIST,215300,USD,215300,US,0,US,L,17941.666666666668
445,2022,MI,FT,DATA ENGINEER,70000,EUR,76940,GR,100,GR,M,6411.666666666667
446,2022,SE,FT,DATA ENGINEER,209100,USD,209100,US,100,US,L,17425.0
447,2022,SE,FT,DATA ENGINEER,154600,USD,154600,US,100,US,L,12883.333333333334
448,2022,SE,FT,DATA ENGINEER,180000,USD,180000,US,100,US,M,15000.0
449,2022,EN,FT,ML ENGINEER,20000,EUR,21983,PT,100,PT,L,1831.9166666666667
450,2022,SE,FT,DATA ENGINEER,80000,USD,80000,US,100,US,M,6666.666666666667
451,2022,MI,FT,MACHINE LEARNING DEVELOPER,100000,CAD,78791,CA,100,CA,M,6565.916666666667
452,2022,EX,FT,DIRECTOR OF DATA SCIENCE,250000,CAD,196979,CA,50,CA,L,16414.916666666668
453,2022,MI,FT,MACHINE LEARNING ENGINEER,120000,USD,120000,US,100,US,S,10000.0
454,2022,EN,FT,COMPUTER VISION ENGINEER,125000,USD,125000,US,0,US,M,10416.666666666666
455,2022,MI,FT,NLP ENGINEER,240000,CNY,37236,US,50,US,L,3103.0
456,2022,SE,FT,DATA ENGINEER,105000,USD,105000,US,100,US,M,8750.0
457,2022,SE,FT,LEAD MACHINE LEARNING ENGINEER,80000,EUR,87932,DE,0,DE,M,7327.666666666667
458,2022,MI,FT,BUSINESS DATA ANALYST,1400000,INR,18442,IN,100,IN,M,1536.8333333333333
459,2022,MI,FT,DATA SCIENTIST,2400000,INR,31615,IN,100,IN,L,2634.5833333333335
460,2022,MI,FT,MACHINE LEARNING INFRASTRUCTURE ENGINEER,53000,EUR,58255,PT,50,PT,L,4854.583333333333
461,2022,EN,FT,FINANCIAL DATA ANALYST,100000,USD,100000,US,50,US,L,8333.333333333334
462,2022,MI,PT,DATA ENGINEER,50000,EUR,54957,DE,50,DE,L,4579.75
463,2022,EN,FT,DATA SCIENTIST,1400000,INR,18442,IN,100,IN,M,1536.8333333333333
464,2022,SE,FT,PRINCIPAL DATA SCIENTIST,148000,EUR,162674,DE,100,DE,M,13556.166666666666
465,2022,EN,FT,DATA ENGINEER,120000,USD,120000,US,100,US,M,10000.0
466,2022,SE,FT,RESEARCH SCIENTIST,144000,USD,144000,US,50,US,L,12000.0
467,2022,SE,FT,DATA SCIENTIST,104890,USD,104890,US,100,US,M,8740.833333333334
468,2022,SE,FT,DATA ENGINEER,100000,USD,100000,US,100,US,M,8333.333333333334
469,2022,SE,FT,DATA SCIENTIST,140000,USD,140000,US,100,US,M,11666.666666666666
470,2022,MI,FT,DATA ANALYST,135000,USD,135000,US,100,US,M,11250.0
471,2022,MI,FT,DATA ANALYST,50000,USD,50000,US,100,US,M,4166.666666666667
472,2022,SE,FT,DATA SCIENTIST,220000,USD,220000,US,100,US,M,18333.333333333332
473,2022,SE,FT,DATA SCIENTIST,140000,USD,140000,US,100,US,M,11666.666666666666
474,2022,MI,FT,DATA SCIENTIST,140000,GBP,183228,GB,0,GB,M,15269.0
475,2022,MI,FT,DATA SCIENTIST,70000,GBP,91614,GB,0,GB,M,7634.5
476,2022,SE,FT,DATA SCIENTIST,185100,USD,185100,US,100,US,M,15425.0
477,2022,SE,FT,MACHINE LEARNING ENGINEER,220000,USD,220000,US,100,US,M,18333.333333333332
478,2022,MI,FT,DATA SCIENTIST,200000,USD,200000,US,100,US,M,16666.666666666668
479,2022,MI,FT,DATA SCIENTIST,120000,USD,120000,US,100,US,M,10000.0
480,2022,SE,FT,MACHINE LEARNING ENGINEER,120000,USD,120000,AE,100,AE,S,10000.0
481,2022,SE,FT,MACHINE LEARNING ENGINEER,65000,USD,65000,AE,100,AE,S,5416.666666666667
482,2022,EX,FT,DATA ENGINEER,324000,USD,324000,US,100,US,M,27000.0
483,2022,EX,FT,DATA ENGINEER,216000,USD,216000,US,100,US,M,18000.0
484,2022,SE,FT,DATA ENGINEER,210000,USD,210000,US,100,US,M,17500.0
485,2022,SE,FT,MACHINE LEARNING ENGINEER,120000,USD,120000,US,100,US,M,10000.0
486,2022,SE,FT,DATA SCIENTIST,230000,USD,230000,US,100,US,M,19166.666666666668
487,2022,EN,PT,DATA SCIENTIST,100000,USD,100000,DZ,50,DZ,M,8333.333333333334
488,2022,MI,FL,DATA SCIENTIST,100000,USD,100000,CA,100,US,M,8333.333333333334
489,2022,EN,CT,APPLIED MACHINE LEARNING SCIENTIST,29000,EUR,31875,TN,100,CZ,M,2656.25
490,2022,SE,FT,HEAD OF DATA,200000,USD,200000,MY,100,US,M,16666.666666666668
491,2022,MI,FT,PRINCIPAL DATA ANALYST,75000,USD,75000,CA,100,CA,S,6250.0
492,2022,MI,FT,DATA SCIENTIST,150000,PLN,35590,PL,100,PL,L,2965.8333333333335
493,2022,SE,FT,MACHINE LEARNING DEVELOPER,100000,CAD,78791,CA,100,CA,M,6565.916666666667
494,2022,SE,FT,DATA SCIENTIST,100000,USD,100000,BR,100,US,M,8333.333333333334
495,2022,MI,FT,MACHINE LEARNING SCIENTIST,153000,USD,153000,US,50,US,M,12750.0
496,2022,EN,FT,DATA ENGINEER,52800,EUR,58035,PK,100,DE,M,4836.25
497,2022,SE,FT,DATA SCIENTIST,165000,USD,165000,US,100,US,M,13750.0
498,2022,SE,FT,RESEARCH SCIENTIST,85000,EUR,93427,FR,50,FR,L,7785.583333333333
499,2022,EN,FT,DATA SCIENTIST,66500,CAD,52396,CA,100,CA,L,4366.333333333333
500,2022,SE,FT,MACHINE LEARNING ENGINEER,57000,EUR,62651,NL,100,NL,L,5220.916666666667
501,2022,MI,FT,HEAD OF DATA,30000,EUR,32974,EE,100,EE,S,2747.8333333333335
502,2022,EN,FT,DATA SCIENTIST,40000,USD,40000,JP,100,MY,L,3333.3333333333335
503,2022,MI,FT,MACHINE LEARNING ENGINEER,121000,AUD,87425,AU,100,AU,L,7285.416666666667
504,2022,SE,FT,DATA ENGINEER,115000,USD,115000,US,100,US,M,9583.333333333334
505,2022,EN,FT,DATA SCIENTIST,120000,AUD,86703,AU,50,AU,M,7225.25
506,2022,MI,FT,APPLIED MACHINE LEARNING SCIENTIST,75000,USD,75000,BO,100,US,L,6250.0
507,2022,MI,FT,RESEARCH SCIENTIST,59000,EUR,64849,AT,0,AT,L,5404.083333333333
508,2022,EN,FT,RESEARCH SCIENTIST,120000,USD,120000,US,100,US,L,10000.0
509,2022,MI,FT,APPLIED DATA SCIENTIST,157000,USD,157000,US,100,US,L,13083.333333333334
510,2022,EN,FT,COMPUTER VISION SOFTWARE ENGINEER,150000,USD,150000,AU,100,AU,S,12500.0
511,2022,MI,FT,BUSINESS DATA ANALYST,90000,CAD,70912,CA,50,CA,L,5909.333333333333
512,2022,EN,FT,DATA ENGINEER,65000,USD,65000,US,100,US,S,5416.666666666667
513,2022,SE,FT,MACHINE LEARNING ENGINEER,65000,EUR,71444,IE,100,IE,S,5953.666666666667
514,2022,EN,FT,DATA ANALYTICS ENGINEER,20000,USD,20000,PK,0,PK,M,1666.6666666666667
515,2022,MI,FT,DATA SCIENTIST,48000,USD,48000,RU,100,US,S,4000.0
516,2022,SE,FT,DATA SCIENCE MANAGER,152500,USD,152500,US,100,US,M,12708.333333333334
517,2022,MI,FT,DATA ENGINEER,62000,EUR,68147,FR,100,FR,M,5678.916666666667
518,2022,MI,FT,DATA SCIENTIST,115000,CHF,122346,CH,0,CH,L,10195.5
519,2022,SE,FT,APPLIED DATA SCIENTIST,380000,USD,380000,US,100,US,L,31666.666666666668
520,2022,MI,FT,DATA SCIENTIST,88000,CAD,69336,CA,100,CA,M,5778.0
521,2022,EN,FT,COMPUTER VISION ENGINEER,10000,USD,10000,PT,100,LU,M,833.3333333333334
522,2022,MI,FT,DATA ANALYST,20000,USD,20000,GR,100,GR,S,1666.6666666666667
523,2022,SE,FT,DATA ANALYTICS LEAD,405000,USD,405000,US,100,US,L,33750.0
524,2022,MI,FT,DATA SCIENTIST,135000,USD,135000,US,100,US,L,11250.0
525,2022,SE,FT,APPLIED DATA SCIENTIST,177000,USD,177000,US,100,US,L,14750.0
526,2022,MI,FT,DATA SCIENTIST,78000,USD,78000,US,100,US,M,6500.0
527,2022,SE,FT,DATA ANALYST,135000,USD,135000,US,100,US,M,11250.0
528,2022,SE,FT,DATA ANALYST,100000,USD,100000,US,100,US,M,8333.333333333334
529,2022,SE,FT,DATA ANALYST,90320,USD,90320,US,100,US,M,7526.666666666667
530,2022,MI,FT,DATA ANALYST,85000,USD,85000,CA,0,CA,M,7083.333333333333
531,2022,MI,FT,DATA ANALYST,75000,USD,75000,CA,0,CA,M,6250.0
532,2022,SE,FT,MACHINE LEARNING ENGINEER,214000,USD,214000,US,100,US,M,17833.333333333332
533,2022,SE,FT,MACHINE LEARNING ENGINEER,192600,USD,192600,US,100,US,M,16050.0
534,2022,SE,FT,DATA ARCHITECT,266400,USD,266400,US,100,US,M,22200.0
535,2022,SE,FT,DATA ARCHITECT,213120,USD,213120,US,100,US,M,17760.0
536,2022,SE,FT,DATA ANALYST,112900,USD,112900,US,100,US,M,9408.333333333334
537,2022,SE,FT,DATA ENGINEER,155000,USD,155000,US,100,US,M,12916.666666666666
538,2022,MI,FT,DATA SCIENTIST,141300,USD,141300,US,0,US,M,11775.0
539,2022,MI,FT,DATA SCIENTIST,102100,USD,102100,US,0,US,M,8508.333333333334
540,2022,SE,FT,DATA ANALYST,115934,USD,115934,US,100,US,M,9661.166666666666
541,2022,SE,FT,DATA ANALYST,81666,USD,81666,US,100,US,M,6805.5
542,2022,MI,FT,DATA ENGINEER,206699,USD,206699,US,0,US,M,17224.916666666668
543,2022,MI,FT,DATA ENGINEER,99100,USD,99100,US,0,US,M,8258.333333333334
544,2022,SE,FT,DATA ENGINEER,130000,USD,130000,US,100,US,M,10833.333333333334
545,2022,SE,FT,DATA ENGINEER,115000,USD,115000,US,100,US,M,9583.333333333334
546,2022,SE,FT,DATA ENGINEER,110500,USD,110500,US,100,US,M,9208.333333333334
547,2022,SE,FT,DATA ENGINEER,130000,USD,130000,US,100,US,M,10833.333333333334
548,2022,SE,FT,DATA ANALYST,99050,USD,99050,US,100,US,M,8254.166666666666
549,2022,SE,FT,DATA ENGINEER,160000,USD,160000,US,100,US,M,13333.333333333334
550,2022,SE,FT,DATA SCIENTIST,205300,USD,205300,US,0,US,L,17108.333333333332
551,2022,SE,FT,DATA SCIENTIST,140400,USD,140400,US,0,US,L,11700.0
552,2022,SE,FT,DATA SCIENTIST,176000,USD,176000,US,100,US,M,14666.666666666666
553,2022,SE,FT,DATA SCIENTIST,144000,USD,144000,US,100,US,M,12000.0
554,2022,SE,FT,DATA ENGINEER,200100,USD,200100,US,100,US,M,16675.0
555,2022,SE,FT,DATA ENGINEER,160000,USD,160000,US,100,US,M,13333.333333333334
556,2022,SE,FT,DATA ENGINEER,145000,USD,145000,US,100,US,M,12083.333333333334
557,2022,SE,FT,DATA ENGINEER,70500,USD,70500,US,0,US,M,5875.0
558,2022,SE,FT,DATA SCIENTIST,205300,USD,205300,US,0,US,M,17108.333333333332
559,2022,SE,FT,DATA SCIENTIST,140400,USD,140400,US,0,US,M,11700.0
560,2022,SE,FT,ANALYTICS ENGINEER,205300,USD,205300,US,0,US,M,17108.333333333332
561,2022,SE,FT,ANALYTICS ENGINEER,184700,USD,184700,US,0,US,M,15391.666666666666
562,2022,SE,FT,DATA ENGINEER,175100,USD,175100,US,100,US,M,14591.666666666666
563,2022,SE,FT,DATA ENGINEER,140250,USD,140250,US,100,US,M,11687.5
564,2022,SE,FT,DATA ANALYST,116150,USD,116150,US,100,US,M,9679.166666666666
565,2022,SE,FT,DATA ENGINEER,54000,USD,54000,US,0,US,M,4500.0
566,2022,SE,FT,DATA ANALYST,170000,USD,170000,US,100,US,M,14166.666666666666
567,2022,MI,FT,DATA ANALYST,50000,GBP,65438,GB,0,GB,M,5453.166666666667
568,2022,SE,FT,DATA ANALYST,80000,USD,80000,US,100,US,M,6666.666666666667
569,2022,SE,FT,DATA SCIENTIST,140000,USD,140000,US,100,US,M,11666.666666666666
570,2022,SE,FT,DATA SCIENTIST,210000,USD,210000,US,100,US,M,17500.0
571,2022,SE,FT,DATA SCIENTIST,140000,USD,140000,US,100,US,M,11666.666666666666
572,2022,SE,FT,DATA ANALYST,100000,USD,100000,US,100,US,M,8333.333333333334
573,2022,SE,FT,DATA ANALYST,69000,USD,69000,US,100,US,M,5750.0
574,2022,SE,FT,DATA SCIENTIST,210000,USD,210000,US,100,US,M,17500.0
575,2022,SE,FT,DATA SCIENTIST,140000,USD,140000,US,100,US,M,11666.666666666666
576,2022,SE,FT,DATA SCIENTIST,210000,USD,210000,US,100,US,M,17500.0
577,2022,SE,FT,DATA ANALYST,150075,USD,150075,US,100,US,M,12506.25
578,2022,SE,FT,DATA ENGINEER,100000,USD,100000,US,100,US,M,8333.333333333334
579,2022,SE,FT,DATA ENGINEER,25000,USD,25000,US,100,US,M,2083.3333333333335
580,2022,SE,FT,DATA ANALYST,126500,USD,126500,US,100,US,M,10541.666666666666
581,2022,SE,FT,DATA ANALYST,106260,USD,106260,US,100,US,M,8855.0
582,2022,SE,FT,DATA ENGINEER,220110,USD,220110,US,100,US,M,18342.5
583,2022,SE,FT,DATA ENGINEER,160080,USD,160080,US,100,US,M,13340.0
584,2022,SE,FT,DATA ANALYST,105000,USD,105000,US,100,US,M,8750.0
585,2022,SE,FT,DATA ANALYST,110925,USD,110925,US,100,US,M,9243.75
586,2022,MI,FT,DATA ANALYST,35000,GBP,45807,GB,0,GB,M,3817.25
587,2022,SE,FT,DATA SCIENTIST,140000,USD,140000,US,100,US,M,11666.666666666666
588,2022,SE,FT,DATA ANALYST,99000,USD,99000,US,0,US,M,8250.0
589,2022,SE,FT,DATA ANALYST,60000,USD,60000,US,100,US,M,5000.0
590,2022,SE,FT,DATA ARCHITECT,192564,USD,192564,US,100,US,M,16047.0
591,2022,SE,FT,DATA ARCHITECT,144854,USD,144854,US,100,US,M,12071.166666666666
592,2022,SE,FT,DATA SCIENTIST,230000,USD,230000,US,100,US,M,19166.666666666668
593,2022,SE,FT,DATA SCIENTIST,150000,USD,150000,US,100,US,M,12500.0
594,2022,SE,FT,DATA ANALYTICS MANAGER,150260,USD,150260,US,100,US,M,12521.666666666666
595,2022,SE,FT,DATA ANALYTICS MANAGER,109280,USD,109280,US,100,US,M,9106.666666666666
596,2022,SE,FT,DATA SCIENTIST,210000,USD,210000,US,100,US,M,17500.0
597,2022,SE,FT,DATA ANALYST,170000,USD,170000,US,100,US,M,14166.666666666666
598,2022,MI,FT,DATA SCIENTIST,160000,USD,160000,US,100,US,M,13333.333333333334
599,2022,MI,FT,DATA SCIENTIST,130000,USD,130000,US,100,US,M,10833.333333333334
600,2022,EN,FT,DATA ANALYST,67000,USD,67000,CA,0,CA,M,5583.333333333333
601,2022,EN,FT,DATA ANALYST,52000,USD,52000,CA,0,CA,M,4333.333333333333
602,2022,SE,FT,DATA ENGINEER,154000,USD,154000,US,100,US,M,12833.333333333334
603,2022,SE,FT,DATA ENGINEER,126000,USD,126000,US,100,US,M,10500.0
604,2022,SE,FT,DATA ANALYST,129000,USD,129000,US,0,US,M,10750.0
605,2022,SE,FT,DATA ANALYST,150000,USD,150000,US,100,US,M,12500.0
606,2022,MI,FT,AI SCIENTIST,200000,USD,200000,IN,100,US,L,16666.666666666668
